/*
CREATE AN ORDER_MASTER DATABASE AND ALSO CREATE THE FOLLOWING
TABLES WITH APPROPRIATE CONSTRAINTS AND INPUT AT LEAST 20 RECORDS
IN ORDER_MASTER TABLE, 05 RECORDS IN PRODUCT_MASTER TABLE,
AND 10 RECORDS IN  SALESMAN_MASTER TABLE.
*/

CREATE TABLE ORDER_MASTER
(
	ORDER_NO INTEGER PRIMARY KEY,
	PROD_NO INTEGER,
	QTY INTEGER,
	DISCOUNT INTEGER,
	ORDER_DATE DATE,
	GST INTEGER,
	PAYMENT_TYPE VARCHAR(50),
	TOTAL_AMOUNT INTEGER
);

CREATE TABLE PRODUCT_MASTER
(
	PRODUCT_NO INTEGER PRIMARY KEY,
	PRODUCT_NAME VARCHAR(50),
	DESCRIPTION VARCHAR(50),
	QUANTITY INTEGER,
	SELL_PRICE INTEGER,
	COST_PRICE FLOAT
);

CREATE TABLE SALESMAN_MASTER
(
	SALESMAN_NO INTEGER PRIMARY KEY,
	SALESMAN_NAME VARCHAR(50),
	CITY VARCHAR(50),
	PINCODE INTEGER,
	STATE VARCHAR(50),
	SALARY INTEGER,
	REMARKS VARCHAR(50),
	ORDER_NO INTEGER,
	FOREIGN KEY(ORDER_NO) REFERENCES ORDER_MASTER(ORDER_NO)
);

ALTER TABLE ORDER_MASTER
ADD CONSTRAINT FK FOREIGN KEY(PROD_NO)
REFERENCES PRODUCT_MASTER(PRODUCT_NO);

INSERT INTO PRODUCT_MASTER
VALUES (2101,'MONITOR','FULL HD+ DISPLAY',15,1500,1000);
INSERT INTO PRODUCT_MASTER
VALUES (3201,'CPU','WITH 8GB RAM & 256GB SSD',10,9600,8000);
INSERT INTO PRODUCT_MASTER
VALUES (4301,'ABCD','UPTO "Z" ALPHABETS',100,500,450);
INSERT INTO PRODUCT_MASTER
VALUES (5401,'KEYBOARD','WITH INBUILT SCROLLING',25,950,790);
INSERT INTO PRODUCT_MASTER
VALUES (6501,'MOUSE','WITH EXTRA GAMING BUTTONS',25,650,500);

INSERT INTO SALESMAN_MASTER 
VALUES(1024,'AKSHAY','SURAT',394210,'GUJARAT',12560,'VERY LAZY PERSON',1209);
INSERT INTO SALESMAN_MASTER 
VALUES(2024,'DIPIKA','MUMBAI',395050,'MAHARASHTRA',15000,'VERY TALL PERSON',1210);
INSERT INTO SALESMAN_MASTER 
VALUES(3024,'CHIRAG','NAVSARI',399305,'GUJARAT',10000,'VERY THIN PERSON',1211);
INSERT INTO SALESMAN_MASTER 
VALUES(4024,'MIHIR','SURAT',394220,'GUJARAT',2500,'VERY LONGLIVING PERSON',1212);
INSERT INTO SALESMAN_MASTER 
VALUES(5024,'VENKY','MUMBAI',405010,'MAHARASHTRA',9500,'CHILDLIKE PERSON',1213);
INSERT INTO SALESMAN_MASTER 
VALUES(6024,'BHAVIN','KERLA',505109,'KERLA',16350,'ACTIVE PERSON',1214);
INSERT INTO SALESMAN_MASTER 
VALUES(7024,'RAVI','SURAT',390081,'GUJARAT',1530,'VERY FAT PERSON',1215);
INSERT INTO SALESMAN_MASTER 
VALUES(8024,'DIVYANG','JAIPUR',415263,'RAJASTHAN',1250,'VERY FUNNY PERSON',1216);
INSERT INTO SALESMAN_MASTER 
VALUES(9024,'JAYAN','SHIRDI',395052,'MAHARASHTRA',1100,'VERY ROMANTIC PERSON',1217);
INSERT INTO SALESMAN_MASTER 
VALUES(10024,'MIRAL','KARNATKA',665934,'KARNATKA',4500,'VERY STYLISH PERSON',1218);


INSERT INTO ORDER_MASTER
VALUES (1209,3201,2,5,'2018-05-23',3,'GOOGLE PAY',19200);
INSERT INTO ORDER_MASTER
VALUES (1210,4301,1,4,'2019-06-30',2,'UPI',500);
INSERT INTO ORDER_MASTER
VALUES (1211,2101,1,2,'2020-07-02',3,'PAYTM',1500);
INSERT INTO ORDER_MASTER
VALUES (1212,5401,3,4,'2019-11-21',5,'PAYPAL',2850);
INSERT INTO ORDER_MASTER
VALUES (1213,2101,2,5,'2019-12-25',3,'AMAZON PAY',3000);
INSERT INTO ORDER_MASTER
VALUES (1214,3201,2,6,'2019-01-09',0,'PHONE PAY',19200);
INSERT INTO ORDER_MASTER
VALUES (1215,2101,1,2,'2019-02-28',3,'AIRTEL BANK',1500);
INSERT INTO ORDER_MASTER
VALUES (1216,5401,5,4,'2019-06-18',2,'GOOGLE PAY',4750);
INSERT INTO ORDER_MASTER
VALUES (1217,3201,1,7,'2019-05-01',3,'UPI',9600);
INSERT INTO ORDER_MASTER
VALUES (1218,4301,2,9,'2019-03-26',1,'GOOGLE PAY',1000);
INSERT INTO ORDER_MASTER
VALUES (1219,5401,1,10,'2019-09-28',1,'UPI',950);
INSERT INTO ORDER_MASTER
VALUES (1220,6501,1,5,'2019-10-30',5,'PAYTM',650);
INSERT INTO ORDER_MASTER
VALUES (1221,4301,3,6,'2019-12-12',2,'AMAZON PAY',1500);
INSERT INTO ORDER_MASTER
VALUES (1222,3201,5,4,'2019-11-10',10,'GOOGLE PAY',48000);
INSERT INTO ORDER_MASTER
VALUES (1223,2101,1,9,'2018-08-07',1,'UPI',1500);
INSERT INTO ORDER_MASTER
VALUES (1224,4301,1,7,'2019-07-23',3,'PAYTM',500);
INSERT INTO ORDER_MASTER
VALUES (1225,6501,2,2,'2019-06-08',2,'GOOGLE PAY',1300);
INSERT INTO ORDER_MASTER
VALUES (1226,4301,2,5,'2019-04-22',5,'AIRTEL BANK',1000);
INSERT INTO ORDER_MASTER
VALUES (1227,2101,3,4,'2019-02-17',2,'AMAZON PAY',4500);
INSERT INTO ORDER_MASTER
VALUES (1228,3201,1,3,'2020-01-24',0,'PHONE PAY',9600);

/*1.	DISPLAY ALL THE ORDER WITH PAYMENT_TYPE ‘UPI’.*/
SELECT * FROM ORDER_MASTER WHERE PAYMENT_TYPE LIKE 'UPI';

/*2.	DISPLAY ALL SALESMAN NAME FROM SALESMAN_MASTER TABLE.*/
SELECT SALESMAN_NAME FROM SALESMAN_MASTER;

/*3.	RETRIEVE THE LIST OF NAME AND CITY OF ALL THE SALESMEN.*/
SELECT SALESMAN_NAME,CITY FROM SALESMAN_MASTER;

/*4.	LIST THE VARIOUS PRODUCTS AVAILABLE IN PRODUCT_MASTER TABLE.*/
SELECT DISTINCT PRODUCT_NAME FROM PRODUCT_MASTER;

/*5.	LIST ALL THE SALESMEN WHO ARE LOCATED IN MUMBAI.*/
SELECT * FROM SALESMAN_MASTER WHERE CITY LIKE 'MUMBAI';

/*6.	LIST ALL THE PRODUCTS WHOSE SELL_PRICE IS >= 1000 RUPEES.*/
SELECT * FROM PRODUCT_MASTER WHERE SELL_PRICE >=1000;

/*7.	CHANGE THE CITY OF SALESMAN ‘AKSHAY’ TO ‘UNJHA’ IN SALESMAN_MASTER TABLE.*/
UPDATE SALESMAN_MASTER SET CITY = 'UNJHA' WHERE SALESMAN_NAME LIKE 'AKSHAY';

/*8.	CHANGE THE COST_PRICE OF MONITOR TO 999.50 RUPEES.*/
UPDATE PRODUCT_MASTER SET COST_PRICE = 999.50 WHERE PRODUCT_NAME LIKE 'MONITOR';

/*9.	CHANGE THE SALARY OF ‘DIPIKA’ TO 6500 RUPEES.*/
UPDATE SALESMAN_MASTER SET SALARY = 6500 WHERE SALESMAN_NAME LIKE 'DIPIKA';

/*10.	DELETE ALL SALESMAN FROM SALESMAN_MASTER WHOSE SALARIES ARE GREATER THAN 5000RS.*/
DELETE FROM SALESMAN_MASTER WHERE SALARY >5000;

/*11.	DELETE ALL PRODUCTS FROM PRODUCT_MASTER WHERE THE QUANTITY IS EQUAL TO 100.*/
DELETE FROM PRODUCT_MASTER WHERE QUANTITY = 100;

/*12.	DELETE FROM ORDER_MASTER WHERE ORDER DURATION MORE THAN 6 MONTHS.*/
DELETE FROM ORDER_MASTER WHERE DATEDIFF('MM',ORDER_DATE,CURRENT_DATE) > 6;

/*13.	ADD A COLUMN CALLED ‘TELEPHONE’ OF DATA TYPE NUMBER AND SIZE 10 TO THE SALESMAN_MASTER TABLE.*/
ALTER TABLE SALESMAN_MASTER ADD COLUMN 'TELEPHONE' INTEGER(10);

/*14.	CHANGE THE SIZE OF SELL_PRICE COLUMN IN PRODUCT_MASTER TO (10,2).*/
ALTER TABLE PRODUCT_MASTER ALTER COLUMN SELL_PRICE NUMERIC(10,2);

/*15.	COUNT THE TOTAL NUMBER OF SALESMEN WORKING IN SURAT CITY.*/
SELECT * FROM SALESMAN_MASTER WHERE CITY LIKE 'SURAT';

/*16.	DISPLAY THE NAME OF THE PRODUCT WHOSE ORDER PLACED MAXIMUM TIME.*/
SELECT PRODUCT_NAME FROM PRODUCT_MASTER,
    (SELECT PROD_NO AS MAXPRODN FROM 
        (SELECT COUNT(*) AS PRODC,PROD_NO FROM ORDER_MASTER GROUP BY PROD_NO),
        (SELECT MAX(ALLPRODC) AS MAXPRODC FROM (SELECT COUNT(*) AS ALLPRODC,PROD_NO FROM ORDER_MASTER GROUP BY PROD_NO)) WHERE PRODC = MAXPRODC
    )WHERE PRODUCT_NO = MAXPRODN;
/*SELECT PRODUCT_NAME FROM PRODUCT_MASTER WHERE PRODUCT_NO IN
	( SELECT PROD_NO FROM ORDER_MASTER GROUP BY PROD_NO HAVING COUNT(*) = 
	 	(SELECT COUNT(*) FROM ORDER_MASTER GROUP BY PROD_NO ORDER BY COUNT(*) DESC LIMIT 1)
	);
*//*WORK IN MYSQL && TRIED AT NJ WITH JAYAN*/

/*17.	DESTROY THE TABLE ORDER_MASTER ALONG WITH ITS DATA.*/
DROP TABLE ORDER_MASTER;

/*18.	DISPLAY TOTAL GST COLLECTED ON CURRENT DATE.*/
SELECT SUM(GST) FROM ORDER_MASTER  WHERE ORDER_DATE = CURRENT_DATE;

/*19.	DISPLAY ALL PRODUCTS WHOSE NAME ARE FOUR CHARACTERS LONG AND STARTS WITH ‘A’.*/
SELECT PRODUCT_NAME FROM PRODUCT_MASTER WHERE PRODUCT_NAME LIKE 'A___'

/*20.	INCREASE THE PRICE OF PRODUCTS BY 5% WHICH HAS HIGHEST DISCOUNT.*/
UPDATE PRODUCT_MASTER SET SELL_PRICE = SELL_PRICE + SELL_PRICE*0.05 WHERE PRODUCT_NO = 
    (SELECT PROD_NO FROM ORDER_MASTER WHERE DISCOUNT =
        (SELECT MAX(DISCOUNT) FROM ORDER_MASTER
        )
    );
/*UPDATE ORDER_MASTER SET TOTAL_AMOUNT = TOTAL_AMOUNT + ( TOTAL_AMOUNT * 0.05 ) 
WHERE DISCOUNT =( SELECT MAX(DISCOUNT) FROM ORDER_MASTER );
*//*WORK IN MYSQL && TRIED AT NJ WITH JAYAN*/


/*21.	DISPLAY ALL THE PRODUCTS SOLD TODAY.*/
SELECT PRODUCT_NAME FROM PRODUCT_MASTER WHERE PRODUCT_NO = 
	(SELECT PROD_NO FROM ORDER_MASTER WHERE ORDER_DATE = CURRENT_DATE);

/*22.	DISPLAY TOTAL STOCK OF ALL THE PRODUCT.*/
SELECT SUM(QUANTITY) AS TOTAL_STOCK FROM PRODUCT_MASTER;

/*23.	UPDATE GST FOR ALL ORDERS TO 7%.*/
UPDATE ORDER_MASTER SET GST = 7;
	 
	 
	 
	 
	 
CREATE TABLE BANK(ID INTEGER,NAME VARCHAR(20),ADHARNO INTEGER,ACNO INTEGER,DOB DATETIME,BALANCE INTEGER)
	 
INSERT INTO BANK
VALUES(1,'CHIRAG',13556,23456,'2001-01-06',1099000)
INSERT INTO BANK
VALUES(2,'AKSHAY',1556,3456,'2001-04-06',199000)
INSERT INTO BANK
VALUES(3,'VENTESH',156,456,'2002-04-06',19000)
INSERT INTO BANK
VALUES(4,'MIHIR',1576,4756,'2002-04-06',1900)
INSERT INTO BANK
VALUES(5,'MARIO',576,756,'2002-04-06',19400)

SELECT * FROM BANK WHERE NAME LIKE '*A*' ORDER BY ID

CREATE TABLE EMP (NO INTEGER, ACNO INTEGER, WITHDRAW INTEGER, DEPOSITE INTEGER, BALANCE INTEGER)

JOURNAL

CREATE TABLE EMP(EMPNO INTEGER , NAME VARCHAR(10),SALARY INTEGER,CITY VARCHAR(10),HIREDATE DATETIME,RESIGNATION VARCHAR(20),DEPTNO INTEGER, PROJECTID INTEGER,PRIMARY KEY (EMPNO))
INSERT INTO EMP
VALUES(1,'CHIRAG',20000,'SURAT',2019-02-15,'MANAGER',101,2447)
INSERT INTO EMP
VALUES(2,'AKSHAY',15000,'SURAT',2019-04-19,'ASSTMANAGER',102,2448)
INSERT INTO EMP
VALUES(3,'MIHIR',16000,'SURAT',2018-04-19,'SALESMAN',103,2449)
INSERT INTO EMP
VALUES(4,'VENTESH',17000,'SURAT',2018-06-19,'SECRETORY',104,2450)
INSERT INTO EMP
VALUES(5,'SAHIL',12000,'NAVSARI',2015-06-19,'HOD',105,2451)
INSERT INTO EMP
VALUES(6,'MARIO',11000,'USA',2019-06-19,'ITMANAGER',106,2452)
INSERT INTO EMP
VALUES(7,'ABHISEK',10000,'SURAT',2019-06-19,'SALESMANAGER',107,2453)
INSERT INTO EMP
VALUES(8,'PRIT',11000,'VADODRA',2015-07-19,'ASSTMANAGER',108,2454)
INSERT INTO EMP
VALUES(9,'RAHUL',9000,'SURAT',2014-07-19,'ITMANAGER',109,2455)
INSERT INTO EMP
VALUES(10,'DINESH',21000,'SURAT',2013-07-19,'SECRETORY',110,2456)
INSERT INTO EMP
VALUES(11,'VIRAL',20000,'SURAT',2012-07-19,'PRODUCTMANAGER',111,2457)
INSERT INTO EMP
VALUES(12,'HENIL',22000,'VANSADA',2011-07-19,'MANAGER',112,2458)
INSERT INTO EMP
VALUES(13,'NIL',23000,'NAVSARI',2010-09-19,'HOD',113,2459)
INSERT INTO EMP
VALUES(14,'YASH',24000,'SURAT',2010-10-19,'MANAGER',114,2460)
INSERT INTO EMP
VALUES(15,'KALPESH',2000,'NAVSARI',2009-10-19,'JRMANAGER',115,2461)
INSERT INTO EMP
VALUES(16,'RAJ',10000,'SURAT',2019-12-19,'SRMANAGER',116,2462)
INSERT INTO EMP
VALUES(17,'SAGAR',15000,'SURAT',2014-12-19,'SRSECRETORY',117,2463)
INSERT INTO EMP
VALUES(18,'BRIJESH',16000,'NAVSARI',2018-11-19,'HOD',118,2464)
INSERT INTO EMP
VALUES(19,'KENIL',11000,'SURAT',2019-09-19,'MANAGER',119,2465)
INSERT INTO EMP
VALUES(20,'JEEL',12000,'SURAT',2011-09-19,'MANAGER',120,2466)

TABLE2

CREATE TABLE DEPT(DEPTNO INTEGER,DEPTNAME VARCHAR (20),DISCRIPTION VARCHAR(30))
INSERT INTO DEPT
VALUES(1,'SALES','SALESOFPRODUCT')
INSERT INTO DEPT
VALUES(2,'IT','INFORMATIONTECHNOLOGY')
INSERT INTO DEPT
VALUES(3,'FINANCE','MONEY MANAGEMENT')
INSERT INTO DEPT
VALUES(4,'HR','HUMANRESOURCE')
INSERT INTO DEPT
VALUES(5,'PRODUCTION','PRODUCTION OF GOODS')

TABLE3

CREATE TABLE PROJ(PROJID INTEGER,PROJTITLE VARCHAR(20),DURATION INTEGER,PROJMANAGER INTEGER,PRIMARY KEY(PROJID))

INSERT INTO PROJ
VALUES(555,'WEBDESIGNING',7,1)
INSERT INTO PROJ
VALUES(556,'MAKING_WEBSITE',10,2)
INSERT INTO PROJ
VALUES(557,'SALESOFPRODUCT',15,3)
INSERT INTO PROJ
VALUES(558,'TAKINGORDERS',20,4)
INSERT INTO PROJ
VALUES(559,'FINANCING',10,5)
INSERT INTO PROJ
VALUES(560,'BUDGETING',12,6)
INSERT INTO PROJ
VALUES(561,'SELLING',18,7)
INSERT INTO PROJ
VALUES(562,'MARKETING',24,8)
INSERT INTO PROJ
VALUES(563,'MANUFACTURING',12,9)
INSERT INTO PROJ
VALUES(564,'TRANSPORTING',9,10)

INSERT INTO EMP
VALUES(2,'AKSHAY',15000,'SURAT','2019-04-19','ASSTMANAGER',102,2448)
INSERT INTO EMP
VALUES(3,'MIHIR',16000,'SURAT','2018-04-19','SALESMAN',103,2449)
INSERT INTO EMP
VALUES(4,'VENTESH',17000,'SURAT','2018-06-19','SECRETORY',104,2450)
INSERT INTO EMP
VALUES(5,'SAHIL',12000,'NAVSARI','2015-06-19','HOD',105,2451)
INSERT INTO EMP
VALUES(6,'MARIO',11000,'USA','2019-06-19','ITMANAGER',106,2452)
INSERT INTO EMP
VALUES(7,'ABHISEK',10000,'SURAT','2019-06-19','SALESMANAGER',107,2453)
INSERT INTO EMP
VALUES(8,'PRIT',11000,'VADODRA','2015-07-19','ASSTMANAGER',108,2454)
INSERT INTO EMP
VALUES(9,'RAHUL',9000,'SURAT','2014-07-19','ITMANAGER',109,2455)
INSERT INTO EMP
VALUES(10,'DINESH',21000,'SURAT','2013-07-19','SECRETORY',110,2456)
INSERT INTO EMP
VALUES(11,'VIRAL',20000,'SURAT','2012-07-19','PRODUCTMANAGER',111,2457)
INSERT INTO EMP
VALUES(12,'HENIL',22000,'VANSADA','2011-07-19','MANAGER',112,2458)
INSERT INTO EMP
VALUES(13,'NIL',23000,'NAVSARI','2010-09-19','HOD',113,2459)
INSERT INTO EMP
VALUES(14,'YASH',24000,'SURAT','2010-10-19','MANAGER',114,2460)
INSERT INTO EMP
VALUES(15,'KALPESH',2000,'NAVSARI','2009-10-19','JRMANAGER',115,2461)
INSERT INTO EMP
VALUES(16,'RAJ',10000,'SURAT','2019-12-19','SRMANAGER',116,2462)
INSERT INTO EMP
VALUES(17,'SAGAR',15000,'SURAT','2014-12-19','SRSECRETORY',117,2463)
INSERT INTO EMP
VALUES(18,'BRIJESH',16000,'NAVSARI','2018-11-19','HOD',118,2464)
INSERT INTO EMP
VALUES(19,'KENIL',11000,'SURAT','2019-09-19','MANAGER',119,2465)
INSERT INTO EMP
VALUES(20,'JEEL',12000,'SURAT','2011-09-19','MANAGER',120,2466)
													
													
													
VENTESH
													
 Q=1 CREATE TABLE EMP(EMP_NO NUMERIC PRIMARY KEY,NAME VARCHAR(30),SALARY NUMERIC,CITY VARCHAR(20),HIREDATE DATE,DESIGNATION VARCHAR(30),DEPT_NO NUMERIC,PROJ_ID NUMERIC)

INSERT INTO EMP VALUES(1,'SATISH',15000,'SURAT','2013-11-23','MANAGER',01,05)
INSERT INTO EMP VALUES(2,'SANKET',30000,'VADODARA','2014-09-12','EMPLOYEE',11,03)
INSERT INTO EMP VALUES(3,'RUDRA',28000,'VAPI','2016-08-14','SUPERWISER',20,02)
INSERT INTO EMP VALUES(4,'PRAMOD',39000,'SURAT','2018-04-03','SALESMAN',10,05)
INSERT INTO EMP VALUES(5,'MEHUL',20000,'VAPI','2012-01-05','MANAGER',04,04)
INSERT INTO EMP VALUES(6,'SISU',15000,'UNJHA','2018-07-23','SALESMAN',08,03)
INSERT INTO EMP VALUES(7,'RAJ',32000,'PATAN','2014-11-23','MANAGER',12,06)
INSERT INTO EMP VALUES(8,'PANKAJ',35000,'AHMEDABAD','2005-11-09','SUPERWISER',11,01)
INSERT INTO EMP VALUES(9,'SAHIL',30000,'NARMADA','2012-06-25','EMPLOYEE',20,04)
INSERT INTO EMP VALUES(10,'PREM',9000,'AJMER','2014-11-23','MANAGER',11,05)
INSERT INTO EMP VALUES(11,'MEHUL',24000,'SURAT','2016-05-03','EMPLOYEE',20,03)
INSERT INTO EMP VALUES(12,'NIRAJ',23000,'VAPI','2016-04-23','SALESMAN',10,02)
INSERT INTO EMP VALUES(13,'DIXIT',19000,'UDHNA','2013-01-12','MANAGER',17,10)
INSERT INTO EMP VALUES(14,'SIDDHATH',20000,'ADAJAN','2001-11-23','MANAGER',01,01)
INSERT INTO EMP VALUES(15,'SOHEB',14000,'RANDER','2014-11-23','SUPERWISER',09,06)
INSERT INTO EMP VALUES(16,'RAJ',10000,'VARACCHA','2015-07-24','SALESMAN',12,01)
INSERT INTO EMP VALUES(17,'SATISH',22000,'SURAT','2018-12-22','MANAGER',15,05)
INSERT INTO EMP VALUES(18,'RUDRA',11000,'VARACCHA','2019-12-01','SUPERWISER',11,07)
INSERT INTO EMP VALUES(19,'MANOJ',18000,'SURAT','2011-09-04','SALESMAN',18,02)
INSERT INTO EMP VALUES(20,'JATIN',26000,'RANDER','2011-01-15','EMPLOYEE',20,05)

FOREIGN KEY
	CREATE TABLE EMP(EMP_NO NUMERIC PRIMARY KEY,NAME VARCHAR(30),SALARY NUMERIC,CITY VARCHAR(20),HIREDATE DATE,DESIGNATION VARCHAR(30),DEPT_NO NUMERIC FOREIGN KEY(DEPT_NO)REFRENCES DEPT(DEPT_NO),PROJ_ID NUMERIC FOREIGN KEY (PROJ_ID)REFRENCES PROJ (PROJ_ID))



Q=2 CREATE TABLE DEPT(DEPT_NO NUMERIC PRIMARY KEY,DEPT_NAME VARCHAR(30),DESCRIPTION VARCHAR(30))

INSERT INTO DEPT VALUES(1,'SALES','SOLD BY VARUN')
INSERT INTO DEPT VALUES(2,'PURCHASE','PURCHASE BY SANKET')
INSERT INTO DEPT VALUES(3,'ACCONTING','CLEAR BOOKS OF ACCOUNT BY PANKAJ')
INSERT INTO DEPT VALUES(4,'HUMAN_RESOURCE','GIVE TRAINING BY PRAKASH')
INSERT INTO DEPT VALUES(5,'MARKETING','ADVERTIESMENT BY SHIKHAR')

Q=3 CREATE TABLE PROJ(PROJ_ID NUMERIC PRIMARY KEY,PROJ_TITTLE VARCHAR(50),USN_NO NUMERIC,PROJ_MANAGER VARCHAR(30))

INSERT INTO PROJ VALUES(1,'SAES PROJ',1230201,'PRAMOD')
INSERT INTO PROJ VALUES(2,'PURCHASE',1230201,'VARUN')
INSERT INTO PROJ VALUES(3,'GIVE TRAINING',1230201,'JAYESH')
INSERT INTO PROJ VALUES(4,'SALES',1230201,'RAJ')
INSERT INTO PROJ VALUES(5,'WORKING WITH  DESIGN',1230201,'BRIJ')
INSERT INTO PROJ VALUES(6,'WORKING IN GROUP',1230201,'MEHUL')
INSERT INTO PROJ VALUES(7,'MANAGE EMPLOYEE',1230201,'VRAJ')
INSERT INTO PROJ VALUES(8,'DESIGN SOFTWARE GAME',1230201,'RUDRA')
INSERT INTO PROJ VALUES(9,'WORKING WITH  CORDING',1230201,'PRAKASH')
INSERT INTO PROJ VALUES(10,'WORKING WITH  TIME MANAGEMENT',1230201,'SANKET')

ALTER TABLE PROJ ADD DURATION NUMERIC

UPDATE PROJ SET DURATION=5 WHERE PROJ_ID=1

ALTER TABLE PROJ ADD LAST_NAME VARCHAR(50)

UPDATE PROJ SET LAST_NAME=THAKKAR WHERE PROJ_ID=1
UPDATE PROJ SET LAST_NAME= RAJPUT WHERE PROJ_ID=2
UPDATE PROJ SET LAST_NAME= WHERE PROJ_ID=3
UPDATE PROJ SET LAST_NAME= WHERE PROJ_ID=4
UPDATE PROJ SET LAST_NAME= WHERE PROJ_ID=5
UPDATE PROJ SET LAST_NAME= WHERE PROJ_ID=6
UPDATE PROJ SET LAST_NAME= WHERE PROJ_ID=7
UPDATE PROJ SET LAST_NAME= WHERE PROJ_ID=8
UPDATE PROJ SET LAST_NAME= WHERE PROJ_ID=9
UPDATE PROJ SET LAST_NAME= WHERE PROJ_ID=10

